Numero_de_Parte,Descripcion,Categoria,En_Stock,Comprometido,Pedido,Disponible,Precio
428H132L,CADENA MOTODRIVE 428H-132L,ACCES,777.0,0.0,0.0,777.0,381.0
428H132LD,CADENA MOTODRIVE 428H-132L DORADA,ACCES,340.0,0.0,0.0,340.0,410.0
520H132L,CADENA MOTODRIVE 520H-132L,ACCES,668.0,5.0,0.0,663.0,671.0
520H132LD,CADENA MOTODRIVE 520H-132L DORADA,ACCES,236.0,5.0,0.0,231.0,762.0
A1780061602P,CADENA 520H-116,ACCES,89.0,0.0,0.0,89.0,475.9
A178TY11406NB,CADENA R/DORADA 428*126 150S,ACCES,37.0,0.0,0.0,37.0,332.31
B2240830003P,CAMARA 300-17,ACCES,30.0,0.0,0.0,30.0,120.12
CABCGPCO,CABLE PASACORRIENTE,ACCES,43.0,0.0,0.0,43.0,137.89
CANCGUNV,CANDADO UNIVERSAL,ACCES,5.0,0.0,0.0,5.0,218.39
CAPCENTER,CENTRO DE TAPON DE RIN,ACCES,405.0,0.0,0.0,405.0,18.47
CHPICCEX,CHAMARRA DE PIEL CON CIERRES RESPIRADORES EXTRA GRANDE,ACCES,2.0,0.0,0.0,2.0,5590.48
CHPINNEX,CHAMARRA DE CORDURA PIEL NYLON EXTRA GRANDE,ACCES,15.0,0.0,0.0,15.0,2338.1
CHPINNGD,CHAMARRA DE CORDURA PIEL NYLON GRANDE,ACCES,16.0,0.0,0.0,16.0,2338.1
CJLTNGMD,JUEGO DE MALETAS DE NYLON LATERALES,ACCES,71.0,0.0,0.0,71.0,1392.86
CJTR40LT,BAUL 40 LITROS  CON RESPALDO,ACCES,1.0,0.0,0.0,1.0,1796.67
EMB1TFRD,EMBELLECEDOR TAPA DE LIQUIDO DE FRENOS DELANTERO N160,ACCES,68.0,0.0,0.0,68.0,340.0
EMB1TFRT,EMBELLECEDOR TAPA DE LIQUIDO DE FRENOS TRASERO N160,ACCES,48.0,0.0,0.0,48.0,378.0
EMB2TFRD,EMBELLECEDOR TAPA DE LIQUIDO DE FRENOS DELANTERO N250,ACCES,59.0,0.0,0.0,59.0,340.0
EMB2TFRT,EMBELLECEDOR TAPA DE LIQUIDO DE FRENOS TRASERO N250,ACCES,47.0,0.0,0.0,47.0,378.0
EMBDOTGR,EMBELLECEDOR DOMINAR TAPA GASOLINA ROJO,ACCES,58.0,0.0,0.0,58.0,378.0
EMBDTFRD,EMBELLECEDOR DOMINAR TAPA DEPOSITO LIQUIDO FRENO DELANTERO,ACCES,52.0,0.0,0.0,52.0,340.0
EMBDTFRT,EMBELLECEDOR DOMINAR TAPA DEPOSITO LIQUIDO FRENO TRASERO,ACCES,35.0,0.0,0.0,35.0,378.0
EMBN1MAN,EMBELLECEDOR PARA MANUBRIO N160,ACCES,75.0,0.0,0.0,75.0,378.0
EMBN1TGR,EMBELLECEDOR PARA TAPON DE GASOLINA N160,ACCES,67.0,0.0,0.0,67.0,378.0
EMBN2MAN,EMBELLECEDOR PARA MANUBRIO N250,ACCES,48.0,0.0,0.0,48.0,378.0
EMBN2TGR,EMBELLECEDOR TAPON DE GASOLINA N250,ACCES,46.0,0.0,0.0,46.0,378.0
EMBNSTGR,EMBELLECEDOR NS200 TAPA GASOLINA ROJO,ACCES,73.0,0.0,0.0,73.0,378.0
EMBNTFRD,EMBELLECEDOR NS200 TAPA DEPOSITO LIQUIDO FRENO DELANTERO,ACCES,57.0,0.0,0.0,57.0,340.0
EMBNTFRT,EMBELLECEDOR NS200 TAPA DEPOSITO LIQUIDO FRENO TRASERO,ACCES,59.0,0.0,0.0,59.0,378.0
EXHIACCE,EXHIBIDORES DE ACCESORIOS,ACCES,1.0,0.0,0.0,1.0,2520.35
EXPWX050,EXHIBIDOR PARA LLANTAS,ACCES,54.0,0.0,0.0,54.0,5500.0
EXPWX100,EXHIBIDOR PARA LLANTAS,ACCES,50.0,0.0,0.0,50.0,5850.0
FOPE12AZ,FOCO TIPO PELLIZCO CON 12 HIPER LEDS COB Y CANBUS AZUL,ACCES,238.0,0.0,0.0,238.0,25.3
FOPE12BL,FOCO TIPO PELLIZCO CON 12 HIPER LEDS COB Y CANBUS BLANCO,ACCES,141.0,0.0,0.0,141.0,25.3
FUNCMANG,FUNDA PARA MOTO  C/MALLA UNIVERSAL NEGRA DE 95X53 CM,ACCES,111.0,0.0,0.0,111.0,149.5
FUNMDADV,FUNDA PROTECTORA PARA MOTOCICLETA MOTODRIVE ADVANCE (220*95*110cm),ACCES,146.0,0.0,0.0,146.0,420.0
FUNMDDOM,FUNDA PROTECTORA PARA MOTOCICLETA MOTODRIVE DOMINAR (220*95*110cm),ACCES,153.0,0.0,0.0,153.0,420.0
GUCHTXAZ,GUANTES CHICOS PARA MOTOCICLISTAS COMPLETOS AZULES,ACCES,60.0,0.0,0.0,60.0,142.38
GUCHTXRO,GUANTES CHICOS PARA MOTOCICLISTAS COMPLETOS ROJOS,ACCES,32.0,0.0,0.0,32.0,142.38
GUGRTXAZ,GUANTES GRANDES PARA MOTOCICLISTA COMPLETOS AZULES,ACCES,185.0,0.0,0.0,185.0,142.38
GUGRTXNE,GUANTES GRANDES PARA MOTOCICLISTA COMPLETOS NEGROS,ACCES,152.0,0.0,0.0,152.0,142.38
GUMDNJAL,GUANTE MOTODRIVE MESH + PVC SIZE L NARANJA,ACCES,226.0,0.0,0.0,226.0,203.0
GUMDNJAM,GUANTE MOTODRIVE MESH + PVC SIZE M NARANJA,ACCES,140.0,0.0,0.0,140.0,203.0
GUMDNJAS,GUANTE MOTODRIVE MESH + PVC SIZE S NARANJA,ACCES,41.0,0.0,0.0,41.0,203.0
GUMDNJAXXL,GUANTE MOTODRIVE MESH + PVC SIZE XXL NARANJA,ACCES,53.0,0.0,0.0,53.0,203.0
GUMDROJL,GUANTE MOTODRIVE MESH + PVC SIZE L ROJO,ACCES,124.0,0.0,0.0,124.0,203.0
GUMDROJM,GUANTE MOTODRIVE MESH + PVC SIZE M ROJO,ACCES,96.0,0.0,0.0,96.0,203.0
GUMDROJS,GUANTE MOTODRIVE MESH + PVC SIZE S ROJO,ACCES,16.0,0.0,0.0,16.0,203.0
GUMDROJXXL,GUANTE MOTODRIVE MESH + PVC SIZE XXL ROJO,ACCES,35.0,0.0,0.0,35.0,203.0
GUMDTNJAL,GUANTE MOTODRIVE MESH + PVC TOUCH L NARANJA,ACCES,167.0,0.0,0.0,167.0,203.0
GUMDTNJAM,GUANTE MOTODRIVE MESH + PVC TOUCH M NARANJA,ACCES,106.0,0.0,0.0,106.0,203.0
GUMDTNJAS,GUANTE MOTODRIVE MESH + PVC TOUCH S NARANJA,ACCES,22.0,0.0,0.0,22.0,203.0
GUMDTROJL,GUANTE MOTODRIVE MESH + PVC TOUCH L ROJO,ACCES,41.0,0.0,0.0,41.0,203.0
GUMDTROJM,GUANTE MOTODRIVE MESH + PVC TOUCH M ROJO,ACCES,29.0,0.0,0.0,29.0,203.0
GUMDTVDEL,GUANTE MOTODRIVE MESH + PVC TOUCH L VERDE,ACCES,137.0,0.0,0.0,137.0,203.0
GUMDTVDEM,GUANTE MOTODRIVE MESH + PVC TOUCH M VERDE,ACCES,103.0,0.0,0.0,103.0,203.0
GUMDTVDES,GUANTE MOTODRIVE MESH + PVC TOUCH S VERDE,ACCES,30.0,0.0,0.0,30.0,203.0
GUMDVDEL,GUANTE MOTODRIVE MESH + PVC SIZE L VERDE,ACCES,215.0,0.0,0.0,215.0,203.0
GUMDVDEM,GUANTE MOTODRIVE MESH + PVC SIZE M VERDE,ACCES,140.0,0.0,0.0,140.0,203.0
GUMDVDES,GUANTE MOTODRIVE MESH + PVC SIZE S VERDE,ACCES,56.0,0.0,0.0,56.0,203.0
GUMDVDEXL,GUANTE MOTODRIVE MESH + PVC SIZE XL VERDE,ACCES,6.0,0.0,0.0,6.0,203.0
GUMDVDEXXL,GUANTE MOTODRIVE MESH + PVC SIZE XXL VERDE,ACCES,53.0,0.0,0.0,53.0,203.0
GUXLTXAZ,GUANTES XL PARA MOTOCICLISTAS COMPLETOS AZULES,ACCES,182.0,0.0,0.0,182.0,142.38
GUXLTXNE,GUANTES XL PARA MOTOCICLISTAS COMPLETOS NEGROS,ACCES,200.0,0.0,0.0,200.0,142.38
GUXLTXRO,GUANTES XL PARA MOTOCICLISTAS COMPLETOS ROJOS,ACCES,193.0,0.0,0.0,193.0,142.38
IMPMD2XL,IMPERMEABLE PARA MOTOCICLISTA MOTODRIVE 2 PZS TALLA 2XL,ACCES,276.0,0.0,0.0,276.0,525.0
IMPMD3XL,IMPERMEABLE PARA MOTOCICLISTA MOTODRIVE 2 PZS TALLA 3XL,ACCES,295.0,0.0,0.0,295.0,525.0
K3914T520,KIT BAJAJ NS200 SPRK/CADENA 39T/14T 520H,ACCES,459.0,0.0,0.0,459.0,943.0
K3914T520D,KIT BAJAJ NS200 SPRK/CADENA 39T/14T 520H DORADA,ACCES,378.0,0.0,0.0,378.0,1016.0
K4114T520D,KIT BAJAJ RS200 SPRK/CADENA 41T/14T 520H DORADA,ACCES,422.0,0.0,0.0,422.0,1030.0
KITADVFR4FSOS3,KIT PARADOR FRONTAL 4F CON SOPORTE S3,ACCES,128.0,0.0,0.0,128.0,2464.8
KITADVTR4RS0S1,KIT PARADOR TRASERO 4R CON SOPORTE S1,ACCES,118.0,0.0,0.0,118.0,2510.3
KITBMCA4,KIT BAJAJMANIA CG4,ACCES,3.0,0.0,0.0,3.0,861.83
KITCHAM2,CHAMARRA MOTODRIVE AZTEK,ACCES,335.0,0.0,0.0,335.0,1679.69
KITCHAMA,CHAMARRA TIBURON GRANDE,ACCES,128.0,0.0,0.0,128.0,1529.0
MD-F008,BALATA DEL SINTERIZADA i VRT 200,ACCES,492.0,0.0,0.0,492.0,74.48
MD-F009,BALATA DEL,ACCES,1492.0,0.0,0.0,1492.0,74.48
MD-F018,BALATA DEL SINTERIZADA i AT110,ACCES,492.0,0.0,0.0,492.0,75.8
MD-F033,BALATA DEL SINTERIZADA i 250Z/170Z/RT200/RT200GP,ACCES,486.0,0.0,0.0,486.0,83.06
MD-F060,BALATA DEL SINTERIZADA y XT250 YZ250,ACCES,487.0,0.0,0.0,487.0,113.44
MD-F082,BALATA DEL SINTERIZADA y YBR125G,ACCES,492.0,0.0,0.0,492.0,89.64
MD-F108,BALATA DEL SINTERIZADA y BWS125,ACCES,489.0,0.0,0.0,489.0,100.85
MD-F110,BALATA TRA SINTERIZADA i DM250,ACCES,487.0,0.0,0.0,487.0,87.68
MD-F117,BALATA DEL SINTERIZADA y SZ SZRR WAVE,ACCES,492.0,0.0,0.0,492.0,81.74
MD-F128,BALATA TRA SINTERIZADA i VRT 200,ACCES,492.0,0.0,0.0,492.0,74.6
MD-F269,BALATA TRA SINTERIZADA i VRT 300,ACCES,489.0,0.0,0.0,489.0,90.96
MDAFWL04,WL04 JGO DE LUCES AUXILIARES,ACCES,2.0,0.0,0.0,2.0,902.0
MDAMH202BKL,ARMADURA MD-MH202-BKL,ACCES,75.0,0.0,0.0,75.0,1037.82
MDAMH202BKM,ARMADURA MD-MH202-BKM,ACCES,37.0,0.0,0.0,37.0,1037.82
MDAMH202BKXL,ARMADURA MD-MH202-BKXL,ACCES,80.0,0.0,0.0,80.0,1037.82
MDAMH202BKXXL,ARMADURA MD-MH202-BKXXL,ACCES,37.0,0.0,0.0,37.0,1037.82
MDAMH202SLL,ARMADURA MD-MH202-SLL,ACCES,85.0,0.0,0.0,85.0,1086.82
MDAMH202SLM,ARMADURA MD-MH202-SLM,ACCES,40.0,0.0,0.0,40.0,1086.82
MDAMH202SLXL,ARMADURA MD-MH202-SLXL,ACCES,82.0,0.0,0.0,82.0,1086.32
MDAMH202SLXXL,ARMADURA MD-MH202-SLXXL,ACCES,41.0,0.0,0.0,41.0,1086.82
MDBLTOOTH,JUEGO DE INTERCOMUNICADOR BLUETOOTH PARA CASCO,ACCES,9.0,0.0,0.0,9.0,1894.0
MDFAL6A,FAROS AUXILIARES MOTODRIVE L6A,ACCES,77.0,0.0,0.0,77.0,641.0
MDFAL6C,FAROS AUXILIARES MOTODRIVE L6C,ACCES,104.0,0.0,0.0,104.0,1594.0
MDKNEMH302,RODILLERAS MH-302,ACCES,200.0,0.0,0.0,200.0,514.15
MDRNEOEG,CHAMARRA MOTODRIVE NEOPRENO TALLA EXTRA GRANDE,ACCES,33.0,0.0,0.0,33.0,1390.33
MDRNEOGD,CHAMARRA MOTODRIVE NEOPRENO TALLA GRANDE,ACCES,2.0,0.0,0.0,2.0,1390.33
MDROVEEG,CHAMARRA MOTODRIVE OVERALL TALLA EXTRA GRANDE,ACCES,192.0,0.0,0.0,192.0,784.18
MDROVEGD,CHAMARRA MOTODRIVE OVERALL TALLA GRANDE,ACCES,1.0,0.0,0.0,1.0,784.18
MDSBOXNG,MALETAS LATERALES V-33 BLACK CON FORRO,ACCES,54.0,0.0,0.0,54.0,5168.0
MDSBOXPL,MALETAS LATERALES V-33 SILVER CON FORRO,ACCES,74.0,0.0,0.0,74.0,5168.0
MDTCHF57ABSN,CAJA TRASERA HF-57 BLACK,ACCES,7.0,0.0,0.0,7.0,1932.0
MDTCHF57ABSP,CAJA TRASERA HF-57 SILVER,ACCES,90.0,0.0,0.0,90.0,1932.0
MDTCMHF33,MALETERO PARA MOTOCICLETA MOTODRIVE 33L,ACCES,193.0,0.0,0.0,193.0,702.55
MDTCMHF36,MALETERO PARA MOTOCICLETA MOTODRIVE 36L,ACCES,111.0,0.0,0.0,111.0,1079.08
MIC166CL,MICA PARA CASCO 166 CLEAR,ACCES,39.0,6.0,0.0,33.0,219.83
MIC166RW,MICA PARA CASCO 166 RAINBOW,ACCES,48.0,3.0,0.0,45.0,255.17
MIC166SL,MICA PARA CASCO 166 SILVER,ACCES,49.0,3.0,0.0,46.0,255.17
MIC166SM,MICA PARA CASCO 166 SMOKE,ACCES,49.0,3.0,0.0,46.0,219.83
MICM67CL,MICA PARA CASCO M67 CLEAR,ACCES,47.0,7.0,0.0,40.0,199.14
MICM67RW,MICA PARA CASCO M67 RAINBOW,ACCES,49.0,3.0,0.0,46.0,234.48
MICM67SM,MICA PARA CASCO M67 SMOKE,ACCES,46.0,3.0,0.0,43.0,199.14
MICM70CL,MICA PARA CASCO M70 CLEAR,ACCES,42.0,6.0,0.0,36.0,199.14
MICM70SL,MICA PARA CASCO M70 SILVER,ACCES,46.0,4.0,0.0,42.0,234.48
MICM70SM,MICA PARA CASCO M70 SMOKE,ACCES,47.0,3.0,0.0,44.0,199.14
MOTOMOCH,BACK PACK ADVANCE NEGRA,ACCES,64.0,0.0,0.0,64.0,1739.84
P501-DT,CARPLAY PARA MOTOCICLETA W/DVR,ACCES,262.0,0.0,0.0,262.0,4352.59
PPMOTOMN,PORTA PLACA DE MOTO,ACCES,32.0,0.0,0.0,32.0,159.59
PRD250NG,PROTECTOR RADIADOR NEGRO DOMINAR 250,ACCES,8.0,0.0,0.0,8.0,863.64
PRD250RO,PROTECTOR RADIADOR ROJO DOMINAR 250,ACCES,56.0,0.0,0.0,56.0,863.64
PRDOCCMN,PARRILLA DOMINAR CON LARGUEROS,ACCES,31.0,0.0,0.0,31.0,1108.21
PRLNS200,PARRILLA NS 200 CON LARGUEROS,ACCES,11.0,0.0,0.0,11.0,1389.51
PRORADNG,PROTECTOR RADIADOR NEGRO DOMINAR 400,ACCES,7.0,0.0,0.0,7.0,863.64
PRORADRO,PROTECTOR RADIADOR ROJO DOMINAR 400,ACCES,57.0,0.0,0.0,57.0,863.64
PRORAPNG,PROTECTOR RADIADOR NEGRO NS 200 PULSAR,ACCES,20.0,0.0,0.0,20.0,863.64
PRORAPRO,PROTECTOR RADIADOR ROJO PULSAR,ACCES,2.0,0.0,0.0,2.0,863.64
PROTN160,PROTECTOR DE RADIADOR N160,ACCES,12.0,0.0,0.0,12.0,1140.0
PROTN250,PROTECTOR DE RADIADOR N250,ACCES,4.0,0.0,0.0,4.0,1140.0
PRP150MN,PARRILLA PULSAR 150 NEON,ACCES,8.0,0.0,0.0,8.0,1016.5
PRPLPHMN,PARRILLA PLATINA PIZZA HUT,ACCES,21.0,0.0,0.0,21.0,1430.01
PRPLTMN,PARRILLA PLATINA CON TIRANTES,ACCES,16.0,0.0,0.0,16.0,875.22
PRSLNS20,PARRILLA NS 200 SIN LARGUEROS,ACCES,71.0,0.0,0.0,71.0,1044.49
SLD4SBMA,SLIDER SENCILLO ALUMINIO DOMINAR 400/250 AZUL,ACCES,30.0,0.0,0.0,30.0,995.24
SLD4SBMN,SLIDER SENCILLO DOMINAR 400 /250 NEGRO,ACCES,38.0,0.0,0.0,38.0,642.86
SLD4SBMR,SLIDER SENCILLO ALUMINIO DOMINAR 400/250 ROJO,ACCES,23.0,0.0,0.0,23.0,995.24
SLDN250N,SLIDER SENCILLO N250 PUNTA TRAPECIO NEGRO,ACCES,8.0,0.0,0.0,8.0,1426.19
SLDPTDOM,SLIDER CON JAULA PUNTA TRAPECIO DOMINAR NEGRO,ACCES,14.0,1.0,0.0,13.0,1426.19
SLJN250N,SLIDER CON JAULA N250 PUNTA TRAPECIO NEGRO,ACCES,251.0,6.0,0.0,245.0,1524.73
SLNSSBMN,SLIDER SENCILLO NS200 NEGRO,ACCES,97.0,0.0,0.0,97.0,642.86
TAPBLKCHR,"TAPON DE RIN 8"" SILVER",ACCES,183.0,0.0,0.0,183.0,384.24
TAPBLUBLK,"TAPON DE RIN 8"" BLUE",ACCES,57.0,5.0,0.0,52.0,245.07
TAPRDBK12,"TAPON DE RIN 12"" ROJO",ACCES,333.0,15.0,0.0,318.0,126.37
TAPREDBLK,"TAPON DE RIN 8"" RED",ACCES,192.0,0.0,0.0,192.0,379.31
TAPSILBLK,"TAPON DE RIN 8"" SILVER/BLACK",ACCES,245.0,10.0,0.0,235.0,379.31
TENCADAZ,TENSOR PARA MOTO DIAM. 1CM X 1MT AZUL,ACCES,71.0,0.0,0.0,71.0,55.04
TENCADRO,TENSOR PARA MOTO DIAM. 1CM X 1MT ROJO,ACCES,76.0,0.0,0.0,76.0,55.04
TENCADVE,TENSOR PARA MOTO DIAM. 1CM X 1MT VERDE,ACCES,106.0,0.0,0.0,106.0,55.04
TENREDAZ,TENSOR TIPO MALLA PARA MOTO 40X40 AZUL,ACCES,283.0,0.0,0.0,283.0,60.0
TENREDNE,RED ELASTICA MOTODRIVE 40X40 NEGRO,ACCES,563.0,0.0,0.0,563.0,60.0
TENREDVE,RED ELASTICA MOTODRIVE 40X40 VERDE,ACCES,302.0,0.0,0.0,302.0,60.0
LGCVMD001,JGO CUBIERTA CROMADA P/ FAROS RE,ACCES 3W,44.0,0.0,0.0,44.0,396.56
MIRRSETBLU,JGO DE ESPEJOS LATERALES AZUL,ACCES 3W,789.0,0.0,0.0,789.0,198.28
MIRRSETRED,JGO DE ESPEJOS LATERALES ROJO,ACCES 3W,778.0,0.0,0.0,778.0,198.28
MOLFRRE001,CUBIERTA CROMADA CENTRAL P/ RE,ACCES 3W,78.0,0.0,0.0,78.0,387.19
MOLFRTVS001,CUBIERTA CROMADA CENTRAL P/ TVS,ACCES 3W,384.0,0.0,0.0,384.0,612.19
RMCVRE001,CUBIERTA DE ESPEJO RETROVISOR,ACCES 3W,95.0,0.0,0.0,95.0,173.44
RMCVTVS001,JGO CUBIERTAS CROMADAS ESPEJOS P/ TVS,ACCES 3W,386.0,0.0,0.0,386.0,240.0
TAPCHRBLK,TAPON DE RIN BLACK,ACCES 3W,144.0,0.0,0.0,144.0,330.05
TAPCHRRED,TAPON DE RIN RED,ACCES 3W,154.0,0.0,0.0,154.0,330.05
TLCVTVS001,JGO CUBIERTA DE CALAVERA CROMO MAT. ABS,ACCES 3W,364.0,0.0,0.0,364.0,167.81
A1060000026P,FILTRO DE AIRE ELEMENTO PULSAR 200 NS,ACCESORIOS,373.0,0.0,0.0,373.0,41.0
A1780043602P,CADENA REFORZADA 428*136H DM200 EX200,ACCESORIOS,34.0,0.0,0.0,34.0,309.74
A178TY11902NB,CADENA R/DORADA 428*136DM200EX200,ACCESORIOS,38.0,0.0,0.0,38.0,356.92
B0980000080P,JUEGO DE ZAPATA FRENO TRASERO CS125,ACCESORIOS,98.0,0.0,0.0,98.0,1190.87
B098HD05501EB,JGO ZAPATAS DE FRENO TRASERO CGL 125,ACCESORIOS,98.0,0.0,0.0,98.0,1190.87
B1200000170P,BALATA DE FRENO DELANTERO DE DISCO,ACCESORIOS,97.0,0.0,0.0,97.0,1190.87
B1200000171P,BALATA DE FRENO DELANTERO DISCO BWS,ACCESORIOS,48.0,0.0,0.0,48.0,1190.87
B1200000174P,BALATA DE FRENO TRASERA DISCO,ACCESORIOS,98.0,0.0,0.0,98.0,1190.87
B1590000095P,FILTRO DE AIRE ELEMENTO CARGO 150,ACCESORIOS,98.0,0.0,0.0,98.0,1190.87
B1590000096P,FILTRO DE AIRE ELEMENTOBWS 125,ACCESORIOS,27.0,0.0,0.0,27.0,1190.87
B1590000097P,FILTRO DE AIRE ELEMENTO RA Y Z,ACCESORIOS,48.0,0.0,0.0,48.0,1190.87
B1590000098P,FILTRO DE AIRE ELEMENTO FZ S 2.0,ACCESORIOS,97.0,0.0,0.0,97.0,1190.87
B1590000099P,FILTRO DE AIRE ELEMENTO YBR-125,ACCESORIOS,98.0,0.0,0.0,98.0,1190.87
B159QT05801NC,FILTRO DE AIRE ELEMENTO TERRAX150,ACCESORIOS,98.0,0.0,0.0,98.0,1190.87
CFADOMNJ,PROTECTORES DE FARO METALICOS DOMINAR NARANJA,ACCESORIOS,2.0,0.0,0.0,2.0,1007.59
CHPICC2X,CHAMARRA DE PIEL CON CIERRES RESPIRADORES XXL,ACCESORIOS,1.0,0.0,0.0,1.0,5590.48
CHPIDR2X,CHAMARRA DE PIEL NEGRA MOTODRIVE FRANJAS NARANJAS  XXL,ACCESORIOS,1.0,0.0,0.0,1.0,5691.43
CHPIDRCH,CHAMARRA DE PIEL NEGRA MOTODRIVE FRANJAS NARANJAS CHICA,ACCESORIOS,2.0,0.0,0.0,2.0,5590.48
CHPIDREX,CHAMARRA DE PIEL NEGRA MOTODRIVE FRANJAS NARANJAS XL,ACCESORIOS,1.0,0.0,0.0,1.0,5691.43
CHPIDRGD,CHAMARRA DE PIEL NEGRA MOTODRIVE FRANJAS NARANJAS GRANDE,ACCESORIOS,2.0,0.0,0.0,2.0,5691.43
CHPIDRMD,CHAMARRA DE PIEL NEGRA MOTODRIVE FRANJAS NARANJAS MEDIANA,ACCESORIOS,3.0,0.0,0.0,3.0,5691.43
CHPIELEX,CHAMARRA DE PIEL EXTRA GRANDE,ACCESORIOS,1.0,0.0,0.0,1.0,5352.38
KITBMCA1,KIT BAJAJMANIA CG1,ACCESORIOS,33.0,0.0,0.0,33.0,861.89
KITPOLICE,JGO DE MOTOPATRULLA,ACCESORIOS,3.0,0.0,0.0,3.0,11955.95
KTD400NJ,KIT DOMINAR 400 NARANJA,ACCESORIOS,2.0,0.0,0.0,2.0,6858.0
PRBOXJAU,PARRILLA PARA MASECA BOXER 150,ACCESORIOS,115.0,0.0,0.0,115.0,1548.26
PRORAN16,PROTECTOR DE RADIADOR N160,ACCESORIOS,40.0,0.0,0.0,40.0,863.64
PRORAN25,PROTECTOR RADIADOR N250,ACCESORIOS,40.0,0.0,0.0,40.0,863.64
PRP160JA,PARRILLA PARA MASECA PULSAR 160,ACCESORIOS,58.0,0.0,0.0,58.0,1548.26
MDREFRL10T200,MOTODRIVE ANTONGELANTE RL10 T200,ACEITE MD,1.0,0.0,0.0,1.0,14041.13
P11218,ACEITE IDEMITSU IRG3 10W40 MA2 1L,ACEITE MD,1528.0,0.0,0.0,1528.0,226.67
B0570060007P,BATERIA 12N.6.5 BS GEL,BATERIA,62.0,0.0,0.0,62.0,582.75
B0571530017,BATERIA YTX7A-BS GEL,BATERIA,10.0,23.0,0.0,-13.0,636.2
B057XC01511NB,BATERIA 12N9-BS,BATERIA,38.0,0.0,0.0,38.0,708.6
CAFDBLEE,CASCO FULL FACE DOUBLE VISOR XXL BLANCO,CASCO,3.0,0.0,0.0,3.0,1080.04
CAFDBLMD,CASCO FULL FACE DOUBLE VISOR M BLANCO,CASCO,1.0,0.0,0.0,1.0,1080.04
CASCGENE,CASCO GENERICO MOTODRIVE,CASCO,229.0,0.0,0.0,229.0,0.01
CASOAZCH,CASCO ABATIBLE SOLIDO MOTODRV S AZUL MATE,CASCO,2.0,0.0,0.0,2.0,992.71
CASOAZMD,CASCO ABATIBLE SOLIDO MOTODRV M AZUL MATE,CASCO,2.0,0.0,0.0,2.0,992.71
CAWAAZCH,CASCO ABATIBLE AZT MOTODRIVE S AZUL,CASCO,12.0,0.0,0.0,12.0,1080.16
CAWAAZMD,CASCO ABATIBLE AZT MOTODRIVE M AZUL,CASCO,4.0,0.0,0.0,4.0,1080.16
GRM1205BS,CASCO MD M1205 FULL FACE VPS LED BLACK T-S,CASCO,1.0,0.0,0.0,1.0,1461.24
GRM1205BXS,CASCO MD M1205 FULL FACE VPS LED BLACK T-XS,CASCO,5.0,0.0,0.0,5.0,1461.24
GRM1205GRXS,CASCO MD M1205 FULL FACE VPS LED GREEN/RED T-XS,CASCO,8.0,0.0,0.0,8.0,1461.24
GRM1205PBS,CASCO MD M1205 FULL FACE VPS LED PINK/BLUE T-S,CASCO,17.0,0.0,0.0,17.0,1461.24
GRM1205PBXS,CASCO MD M1205 FULL FACE VPS LED PINK/BLUE T-XS,CASCO,22.0,0.0,0.0,22.0,1461.24
GRM166MBBXS,CASCO MD M166 FLIP UP MAT BLACK/BLUE T-XS,CASCO,18.0,0.0,0.0,18.0,1276.74
GRM166MBPXS,CASCO MD M166 FLIP UP MAT BLACK/PINK T-XS,CASCO,12.0,0.0,0.0,12.0,1276.74
GRM166MBRXS,CASCO MD M166 FLIP UP MAT BLACK/RED T-XS,CASCO,7.0,0.0,0.0,7.0,1276.74
GRM67MBGS,CASCO MD M67 FULL FACE VPS MAT BLACK/GREEN T-S,CASCO,1.0,0.0,0.0,1.0,1257.06
GRM70MBRXL,CASCO MD M70 FULL FACE MAT BLACK/RED  T-XL,CASCO,1.0,0.0,0.0,1.0,1401.3
HM163BLXS,CASCO MD GR163 MULTI FUNCTION BLUE T-XS,CASCO,2.0,0.0,0.0,2.0,2286.21
HM163CARS,CASCO MD GR163 MULTI FUN CARNAGE T-S,CASCO,1.0,0.0,0.0,1.0,2286.21
HM163CARXL,CASCO MD GR163 MULTI FUN CARNAGE T-XL,CASCO,1.0,0.0,0.0,1.0,2286.21
HM163RDS,CASCO MD GR163 MULTI FUNCTION RED T-S,CASCO,6.0,0.0,0.0,6.0,2286.21
HM163RDXS,CASCO MD GR163 MULTI FUNCTION RED T-XS,CASCO,2.0,0.0,0.0,2.0,2286.21
HM166BKXS,CASCO MD M166 FLIP UP VPS BLACK T-XS,CASCO,5.0,0.0,0.0,5.0,1782.0
HM166BLXS,CASCO MD M166 FLIP UP VPS BLUE T-XS,CASCO,2.0,0.0,0.0,2.0,1557.76
HM166SHIXS,CASCO MD M166 FLIP UP VPS SHIRYU T-XS,CASCO,1.0,0.0,0.0,1.0,1557.76
HM67GYXS,CASCO MD M67 FULL FACE VPS GREY T-XS,CASCO,5.0,0.0,0.0,5.0,1846.55
HM67PKXS,CASCO MD M67 FULL FACE VPS PINK T-XS,CASCO,1.0,0.0,0.0,1.0,1846.55
HM67RDXS,CASCO MD M67 FULL FACE VPS RED T-XS,CASCO,2.0,0.0,0.0,2.0,1846.55
HM705BKS,CASCO MD M705 OPEN FACE BLACK T-S,CASCO,2.0,0.0,0.0,2.0,1179.31
HM705PKXS,CASCO MD M705 OPEN FACE PINK T-XS,CASCO,5.0,0.0,0.0,5.0,1179.31
HM70GRXS,CASCO MD M70 FULL FACE GREEN T-XS,CASCO,1.0,0.0,0.0,1.0,1557.76
HM70GYS,CASCO MD M70 FULL FACE GREY T-S,CASCO,2.0,0.0,0.0,2.0,1557.76
HM70GYXS,CASCO MD M70 FULL FACE GREY T-XS,CASCO,6.0,0.0,0.0,6.0,1557.76
HM70PKS,CASCO MD M70 FULL FACE PINK T-S,CASCO,1.0,0.0,0.0,1.0,1557.76
HM70PKXS,CASCO MD M70 FULL FACE PINK T-XS,CASCO,8.0,0.0,0.0,8.0,1557.76
HM8196BLS,CASCO MD 8196 MULTIPR BLUE T-S,CASCO,10.0,0.0,0.0,10.0,1893.1
HM8196BLXS,CASCO MD 8196 MULTIPR BLUE T-XS,CASCO,9.0,0.0,0.0,9.0,1893.1
HM8196BLXXL,CASCO MD 8196 MULTIPR BLUE T-XXL,CASCO,1.0,0.0,0.0,1.0,1893.1
HM8196PKL,CASCO MD 8196 MULTIPR PINK T-L,CASCO,9.0,0.0,0.0,9.0,1893.1
HM8196PKM,CASCO MD 8196 MULTIPR PINK T-M,CASCO,10.0,0.0,0.0,10.0,1893.1
HM8196PKS,CASCO MD 8196 MULTIPR PINK T-S,CASCO,21.0,0.0,0.0,21.0,1893.1
HM8196PKXS,CASCO MD 8196 MULTIPR PINK T-XS,CASCO,3.0,0.0,0.0,3.0,1893.1
HM8196RDM,CASCO MD 8196 MULTIPR RED T-M,CASCO,1.0,0.0,0.0,1.0,1893.1
HM8196RDS,CASCO MD 8196 MULTIPR RED T-S,CASCO,13.0,0.0,0.0,13.0,1782.0
HM8196RDXS,CASCO MD 8196 MULTIPR RED T-XS,CASCO,7.0,0.0,0.0,7.0,1893.1
HM8196YLM,CASCO MD 8196 MULTIPR YELLOW T-M,CASCO,1.0,0.0,0.0,1.0,1893.1
HM8196YLS,CASCO MD 8196 MULTIPR YELLOW T-S,CASCO,3.0,0.0,0.0,3.0,1893.1
HM8196YLXL,CASCO MD 8196 MULTIPR YELLOW T-XL,CASCO,3.0,0.0,0.0,3.0,1893.1
HM8196YLXS,CASCO MD 8196 MULTIPR YELLOW T-XS,CASCO,7.0,0.0,0.0,7.0,1893.1
LL0018PT,LLANTA 3.00-18 POWERMAX TUFF TT,LLANTA,2.0,0.0,0.0,2.0,688.93
LL1018PF,LLANTA 4.10-18 POWERMAX FUEGO TT (ONLY TYRE),LLANTA,76.0,0.0,0.0,76.0,712.55
LL4008PP,LLANTA 4.00-8 POWERMAX PEARL TT SET,LLANTA,5.0,0.0,0.0,5.0,672.85
LL4008PT,LLANTA 4.00-8 POWERMAX TRAX TT SET,LLANTA,562.0,0.0,0.0,562.0,856.26
LL4010PM,LLANTA 4.00-10 POWERMAX MISSILE TT (Only),LLANTA,104.0,100.0,0.0,4.0,898.0
LL7017PS,LLANTA 140/70-17 POWERMAX SPORTS TL,LLANTA,22.0,0.0,0.0,22.0,1272.0
CARCELMO,CARGADOR MOVIL CON SWITCH DE ENCENDIDO,REFACCION,5.0,0.0,0.0,5.0,449.4
CHAMMOTOD,CHAMARRA MOTODRIVE PIEL NYLON,REFACCION,1.0,0.0,0.0,1.0,27503.0
K4114T520,KIT BAJAJ RS200 SPRK/CADENA 41T/14T 520H,REFACCION,477.0,0.0,0.0,477.0,943.0
K4315T428,KIT BAJAJ NS125/135 SPRK7 CADENA 43T/15T 428H,REFACCION,430.0,0.0,0.0,430.0,624.0
K4615T428,KIT BAJAJ NS160 SPRK/CADENA 46T/14T 428H,REFACCION,440.0,0.0,0.0,440.0,943.0
PRBMPHMN,PARRILLA BOXER PIZZA HUT,REFACCION,16.0,0.0,0.0,16.0,2082.21
TENREDRO,TENSOR TIPO MALLA PARA MOTO 40X40 ROJO,REFACCION,384.0,0.0,0.0,384.0,60.0
104083,ACEITE 4T MOTUL 5100 15W50 MA2 SM 4L,SIN CATEGORÍA,6.0,0.0,0.0,6.0,463.89
MICM67SL,MICA PARA CASCO M67 SILVER,SIN CATEGORÍA,50.0,3.0,0.0,47.0,234.48
MICM70RW,MICA PARA CASCO M70 RAINBOW,SIN CATEGORÍA,50.0,3.0,0.0,47.0,234.48
SLRSSJMN,SLIDER SENCILLO RS200 NEGRO,SIN CATEGORÍA,25.0,6.0,0.0,19.0,1214.29
Whse:,ALMRADV1,SIN CATEGORÍA,0.0,0.0,0.0,0.0,0.0
